City_ID,City,Country,Date,Lat,Lng,Max Temp,Humidity,Cloudiness,Wind Speed
0,Dikson,RU,2020-02-21 04:20:15,73.51,80.55,-5.93,90,10,17.05
1,Khatanga,RU,2020-02-21 04:20:16,71.97,102.5,4.42,95,100,9.37
2,Rikitea,PF,2020-02-21 04:20:16,-23.12,-134.97,78.6,75,80,11.27
3,Sao Jose Da Coroa Grande,BR,2020-02-21 04:20:17,-8.9,-35.15,81.23,76,100,7.63
4,Pierre,US,2020-02-21 04:19:01,44.37,-100.35,28.4,58,1,5.82
5,Luganville,VU,2020-02-21 04:20:18,-15.53,167.17,86.0,66,40,6.93
6,Mataura,NZ,2020-02-21 04:20:18,-46.19,168.86,60.01,78,65,24.0
7,Punta Arenas,CL,2020-02-21 04:16:20,-53.15,-70.92,53.6,71,75,23.04
8,Broome,US,2020-02-21 04:20:19,42.25,-75.83,16.0,78,20,4.7
9,Colombia,CU,2020-02-21 04:20:20,20.99,-77.43,71.6,94,0,3.36
10,Verkhnevilyuysk,RU,2020-02-21 04:20:20,63.45,120.32,11.98,93,99,4.41
11,Gabu,GW,2020-02-21 04:20:21,12.28,-14.22,68.83,74,35,4.97
12,Xinpu,CN,2020-02-21 04:20:21,34.6,119.16,51.55,59,100,6.73
13,East London,ZA,2020-02-21 04:20:22,-33.02,27.91,68.0,94,40,5.82
14,Zhezkazgan,KZ,2020-02-21 04:20:22,47.8,67.71,19.4,92,90,13.42
15,Kuytun,RU,2020-02-21 04:20:23,54.34,101.5,17.92,84,55,4.63
16,Atuona,PF,2020-02-21 04:20:23,-9.8,-139.03,81.61,74,64,17.65
17,Puerto Ayora,EC,2020-02-21 04:20:24,-0.74,-90.35,78.28,87,72,9.22
18,Caravelas,BR,2020-02-21 04:20:24,-17.71,-39.25,81.05,84,0,13.94
19,Thompson,CA,2020-02-21 04:20:25,55.74,-97.86,19.4,79,75,8.05
20,Magan,ES,2020-02-21 04:20:25,39.97,-3.93,46.99,80,0,4.7
21,Kamenka,RU,2020-02-21 04:20:26,51.32,42.77,33.01,90,93,3.11
22,Caxito,AO,2020-02-21 04:20:26,-8.58,13.66,78.8,94,75,2.24
23,Cockburn Town,TC,2020-02-21 04:20:27,21.46,-71.14,77.72,79,0,18.23
24,Albany,US,2020-02-21 04:20:27,42.6,-73.97,21.2,48,75,9.17
25,Chandler,US,2020-02-21 04:18:27,33.31,-111.84,71.01,32,20,6.93
26,Yar-Sale,RU,2020-02-21 04:20:28,66.83,70.83,17.47,91,96,15.93
27,Jimenez,MX,2020-02-21 04:20:29,28.33,-105.4,48.2,61,5,10.29
28,Georgetown,MY,2020-02-21 04:20:29,5.41,100.34,89.6,49,20,17.22
29,Tromso,NO,2020-02-21 04:20:30,69.65,18.96,30.2,92,90,35.57
30,Qaanaaq,GL,2020-02-21 04:20:30,77.48,-69.36,-13.88,54,0,4.74
31,Bethel,US,2020-02-21 04:20:31,41.37,-73.41,27.0,44,1,10.29
32,Fairbanks,US,2020-02-21 04:15:47,64.84,-147.72,27.0,85,20,5.01
33,Cape Town,ZA,2020-02-21 04:19:54,-33.93,18.42,66.0,88,0,11.41
34,Fortuna,US,2020-02-21 04:20:32,40.6,-124.16,48.0,87,1,5.82
35,Kavieng,PG,2020-02-21 04:20:34,-2.57,150.8,83.89,74,0,10.76
36,Hobart,AU,2020-02-21 04:17:53,-42.88,147.33,66.0,47,40,12.75
37,Nakamura,JP,2020-02-21 04:20:34,32.98,132.93,54.82,64,11,4.54
38,Medea,DZ,2020-02-21 04:20:31,36.26,2.75,41.0,93,20,3.36
39,Tarauaca,BR,2020-02-21 04:20:35,-8.16,-70.77,75.02,82,5,2.15
40,Ushuaia,AR,2020-02-21 04:18:09,-54.8,-68.3,51.8,71,75,8.05
41,New Norfolk,AU,2020-02-21 04:20:36,-42.78,147.06,66.0,47,40,12.75
42,Castro,BR,2020-02-21 04:20:37,-24.79,-50.01,62.85,86,0,2.26
43,Baculin,PH,2020-02-21 04:20:37,7.45,126.58,75.88,82,49,5.66
44,Beringovskiy,RU,2020-02-21 04:20:38,63.05,179.32,-12.66,88,0,4.27
45,Saint George,US,2020-02-21 04:18:32,37.1,-113.58,50.0,28,1,8.05
46,Kitimat,CA,2020-02-21 04:20:39,54.05,-128.65,35.6,96,90,23.04
47,Camden,US,2020-02-21 04:18:56,39.78,-74.97,30.99,42,1,14.99
48,Upernavik,GL,2020-02-21 04:20:40,72.79,-56.15,-15.9,98,100,3.33
49,Bluff,NZ,2020-02-21 04:20:41,-46.6,168.33,60.01,78,80,24.0
50,Mana,GF,2020-02-21 04:20:41,5.66,-53.78,70.74,97,79,2.04
51,Belyy Yar,RU,2020-02-21 04:20:42,53.6,91.39,32.0,88,100,11.18
52,Karasburg,NA,2020-02-21 04:20:42,-28.02,18.75,75.06,47,34,12.26
53,Bredasdorp,ZA,2020-02-21 04:20:43,-34.53,20.04,62.01,87,0,2.62
54,Bima,ID,2020-02-21 04:20:43,-8.47,118.72,83.91,78,63,1.23
55,Iquique,CL,2020-02-21 04:20:44,-20.22,-70.14,69.8,77,100,11.41
56,Chernyshevskiy,RU,2020-02-21 04:20:44,63.01,112.47,5.92,95,84,5.66
57,Port-Gentil,GA,2020-02-21 04:20:44,-0.72,8.78,82.56,80,100,10.33
58,Santa Isabel Do Rio Negro,BR,2020-02-21 04:20:45,-0.41,-65.02,77.94,73,60,3.24
59,Port Elizabeth,ZA,2020-02-21 04:20:45,-33.92,25.57,62.6,93,0,4.7
60,Barrow,US,2020-02-21 04:19:42,71.29,-156.79,-14.8,75,90,9.17
61,Jacareacanga,BR,2020-02-21 04:20:46,-6.22,-57.75,73.09,97,100,1.43
62,Busselton,AU,2020-02-21 04:20:47,-33.65,115.33,93.0,14,100,8.5
63,Tiksi,RU,2020-02-21 04:20:47,71.69,128.87,-1.1,86,100,11.3
64,Tasiilaq,GL,2020-02-21 04:20:48,65.61,-37.64,19.4,67,99,5.82
65,Isangel,VU,2020-02-21 04:20:48,-19.55,169.27,84.2,74,75,6.93
66,Kokomo,US,2020-02-21 04:15:58,40.49,-86.13,21.99,85,1,3.36
67,Saint-Philippe,RE,2020-02-21 04:20:49,-21.36,55.77,80.01,69,90,16.11
68,Vaini,TO,2020-02-21 04:20:50,-21.2,-175.2,82.4,74,20,11.41
69,Cacu,BR,2020-02-21 04:20:50,-18.56,-51.13,72.5,89,100,5.3
70,Honiara,SB,2020-02-21 04:20:51,-9.43,159.95,80.6,88,75,5.82
71,Hilo,US,2020-02-21 04:20:51,19.73,-155.09,71.6,73,90,12.75
72,Dolinsk,RU,2020-02-21 04:20:52,47.35,142.8,24.8,49,75,2.24
73,Cap Malheureux,MU,2020-02-21 04:20:52,-19.98,57.61,82.4,61,20,11.41
74,Tautira,PF,2020-02-21 04:20:53,-17.73,-149.15,86.0,66,40,9.17
75,Saskylakh,RU,2020-02-21 04:20:53,71.92,114.08,-18.17,98,86,2.91
76,Krasnoarmeysk,RU,2020-02-21 04:20:54,51.02,45.7,35.01,64,91,3.0
77,Ancud,CL,2020-02-21 04:20:54,-41.87,-73.82,57.2,58,0,8.05
78,Point Pedro,LK,2020-02-21 04:20:55,9.82,80.23,80.62,79,33,19.08
79,Ambon,ID,2020-02-21 04:17:43,-3.7,128.18,91.4,55,40,9.17
80,Victoria,HK,2020-02-21 04:17:20,22.29,114.16,75.0,49,0,16.11
81,Lake Havasu City,US,2020-02-21 04:17:59,34.48,-114.32,64.4,16,1,8.05
82,Avarua,CK,2020-02-21 04:20:56,-21.21,-159.78,82.4,83,100,10.29
83,Gibara,CU,2020-02-21 04:20:57,21.11,-76.13,75.2,88,5,6.93
84,Oranjestad,AW,2020-02-21 04:18:28,12.52,-70.03,80.6,74,20,20.8
85,Butaritari,KI,2020-02-21 04:20:58,3.07,172.79,84.04,77,90,11.65
86,Antalaha,MG,2020-02-21 04:20:58,-14.9,50.28,80.06,77,100,6.49
87,Namtsy,RU,2020-02-21 04:20:59,62.72,129.67,-9.4,76,100,2.24
88,Carnarvon,AU,2020-02-21 04:20:59,-24.87,113.63,95.0,41,100,10.29
89,Klaksvik,FO,2020-02-21 04:21:00,62.23,-6.59,41.0,93,67,18.34
90,Mar Del Plata,AR,2020-02-21 04:20:15,-38.0,-57.56,59.0,71,75,18.34
91,Otane,NZ,2020-02-21 04:21:01,-39.88,176.63,79.0,53,86,8.01
92,Hamilton,US,2020-02-21 04:21:02,39.18,-84.53,23.0,57,1,6.93
93,Awjilah,LY,2020-02-21 04:21:02,29.11,21.29,53.08,79,23,9.31
94,Marquette,US,2020-02-21 04:16:10,46.53,-87.63,16.0,40,1,11.41
95,Roald,NO,2020-02-21 04:21:03,62.58,6.13,39.99,86,45,19.46
96,Port Alfred,ZA,2020-02-21 04:21:04,-33.59,26.89,66.0,93,96,8.52
97,Maumere,ID,2020-02-21 04:21:04,-8.62,122.21,83.41,66,93,8.3
98,Nanortalik,GL,2020-02-21 04:21:05,60.14,-45.24,26.1,68,100,4.21
99,Yellowknife,CA,2020-02-21 04:21:05,62.46,-114.35,26.6,63,20,10.29
100,Chokurdakh,RU,2020-02-21 04:21:05,70.63,147.92,-14.4,96,86,2.73
101,Gueret,FR,2020-02-21 04:21:06,46.17,1.87,39.2,93,98,6.93
102,Provideniya,RU,2020-02-21 04:21:06,64.38,-173.3,-2.2,64,0,6.71
103,Jining,CN,2020-02-21 04:21:07,35.41,116.58,54.01,48,82,7.87
104,Shu,KZ,2020-02-21 04:21:07,43.6,73.76,32.79,56,37,5.3
105,Souillac,MU,2020-02-21 04:21:08,-20.52,57.52,82.4,61,20,11.41
106,Vestmannaeyjar,IS,2020-02-21 04:21:09,63.44,-20.27,35.85,68,100,12.17
107,Dunmore East,IE,2020-02-21 04:21:09,52.15,-6.99,48.0,82,100,3.0
108,Kapaa,US,2020-02-21 04:20:37,22.08,-159.32,77.0,88,90,20.8
109,Hirara,JP,2020-02-21 04:21:11,24.8,125.28,73.4,68,40,16.11
110,Bambous Virieux,MU,2020-02-21 04:21:12,-20.34,57.76,82.4,61,20,11.41
111,Afua,BR,2020-02-21 04:21:12,-0.16,-50.39,75.83,91,100,6.29
112,Swift Current,CA,2020-02-21 04:17:13,50.28,-107.8,28.4,68,1,18.34
113,Tuktoyaktuk,CA,2020-02-21 04:21:13,69.45,-133.04,1.4,77,90,3.36
114,Svirsk,RU,2020-02-21 04:21:14,53.09,103.33,15.71,91,12,4.74
115,Hermanus,ZA,2020-02-21 04:21:14,-34.42,19.23,62.01,91,0,1.99
116,Lata,PT,2020-02-21 04:21:15,40.16,-8.33,53.01,93,20,3.36
117,Portland,US,2020-02-21 04:16:48,45.52,-122.68,48.0,56,1,5.82
118,Cidreira,BR,2020-02-21 04:21:17,-30.18,-50.21,71.29,74,92,17.83
119,Faanui,PF,2020-02-21 04:21:17,-16.48,-151.75,82.47,78,78,16.91
120,Ternate,ID,2020-02-21 04:21:18,0.8,127.4,84.13,64,76,5.91
121,Bulaevo,KZ,2020-02-21 04:21:18,54.91,70.44,22.42,95,100,7.38
122,Cherskiy,RU,2020-02-21 04:21:19,68.75,161.3,-12.23,94,98,5.41
123,Longyearbyen,SJ,2020-02-21 04:21:19,78.22,15.64,6.8,65,75,5.82
124,Taltal,CL,2020-02-21 04:21:20,-25.4,-70.48,59.29,91,7,1.77
125,Yaan,NG,2020-02-21 04:21:20,7.38,8.57,75.9,22,4,3.2
126,Buraydah,SA,2020-02-21 04:21:21,26.33,43.98,48.2,87,0,3.36
127,Dhandhuka,IN,2020-02-21 04:21:21,22.37,71.98,68.79,69,6,6.08
128,Duluth,US,2020-02-21 04:21:22,46.78,-92.11,12.2,55,90,17.22
129,Solnechnyy,RU,2020-02-21 04:21:22,50.72,136.63,10.13,89,23,5.39
130,Hobyo,SO,2020-02-21 04:21:23,5.35,48.53,79.61,79,100,15.26
131,Abyek,IR,2020-02-21 04:21:23,36.07,50.55,32.0,78,90,6.93
132,Manggar,ID,2020-02-21 04:21:24,-2.88,108.27,82.8,77,100,17.25
133,Brazzaville,CG,2020-02-21 04:21:24,-4.27,15.28,78.8,88,20,4.7
134,Pevek,RU,2020-02-21 04:21:25,69.7,170.31,-7.96,97,100,10.58
135,Russell,US,2020-02-21 04:21:25,32.35,-85.2,45.0,87,90,11.41
136,Kloulklubed,PW,2020-02-21 04:21:26,7.04,134.26,77.0,88,90,17.22
137,Bengkulu,ID,2020-02-21 04:19:03,-3.8,102.27,87.13,57,69,2.55
138,Camacha,PT,2020-02-21 04:21:26,33.08,-16.33,55.4,76,20,4.7
139,Mayo,US,2020-02-21 04:21:27,38.89,-76.51,36.0,50,1,11.41
140,Djenne,ML,2020-02-21 04:21:28,13.91,-4.55,76.86,12,100,9.1
141,Saquena,PE,2020-02-21 04:21:28,-4.67,-73.52,75.38,84,77,1.86
142,Hithadhoo,MV,2020-02-21 04:21:28,-0.6,73.08,83.57,79,11,12.59
143,Oranjemund,NA,2020-02-21 04:21:29,-28.55,16.43,62.2,89,74,11.7
144,Qaqortoq,GL,2020-02-21 04:21:30,60.72,-46.03,30.2,28,100,12.75
145,Quatre Cocos,MU,2020-02-21 04:21:30,-20.21,57.76,82.4,61,20,11.41
146,Hochdorf,CH,2020-02-21 04:21:31,47.17,8.28,44.01,81,90,8.05
147,Ilulissat,GL,2020-02-21 04:21:01,69.22,-51.1,-5.8,58,9,4.7
148,Victor Harbor,AU,2020-02-21 04:21:33,-35.57,138.62,75.0,35,20,11.41
149,Gobabis,NA,2020-02-21 04:21:33,-22.45,18.97,68.0,88,100,1.12
150,Severo-Kurilsk,RU,2020-02-21 04:21:34,50.68,156.12,19.27,89,100,12.5
151,Hovd,MN,2020-02-21 04:21:34,48.01,91.64,6.49,67,0,3.09
152,Alofi,NU,2020-02-21 04:21:35,-19.06,-169.92,79.72,90,52,12.17
153,Sokoni,TZ,2020-02-21 04:21:35,-6.43,39.55,83.34,74,57,5.5
154,Mantua,IT,2020-02-21 04:21:36,45.17,10.78,41.0,80,0,2.24
155,Mount Isa,AU,2020-02-21 04:21:36,-20.73,139.5,100.4,15,0,6.93
156,Akyab,MM,2020-02-21 04:21:36,20.15,92.9,70.81,50,0,5.53
157,Emet,TR,2020-02-21 04:21:37,39.34,29.26,35.94,94,100,4.36
158,Clyde River,CA,2020-02-21 04:21:37,70.47,-68.59,-9.4,76,90,17.22
159,Olafsvik,IS,2020-02-21 04:21:38,64.89,-23.71,31.33,78,100,41.36
160,Lavrentiya,RU,2020-02-21 04:21:39,65.58,-171.0,-14.24,90,0,6.62
161,Torbay,CA,2020-02-21 04:21:39,47.67,-52.73,12.0,60,20,29.97
162,Wattegama,LK,2020-02-21 04:21:40,6.8,81.48,84.2,89,40,14.99
163,Bathsheba,BB,2020-02-21 04:21:42,13.22,-59.52,78.8,69,75,18.34
164,Komsomolskiy,UZ,2020-02-21 04:21:44,40.43,71.72,39.2,64,0,3.44
165,Luderitz,NA,2020-02-21 04:21:44,-26.65,15.16,66.2,82,63,12.75
166,Tutoia,BR,2020-02-21 04:21:44,-2.76,-42.27,75.4,92,100,2.24
167,Pangnirtung,CA,2020-02-21 04:21:45,66.15,-65.71,-37.43,98,76,2.06
168,Hami,CN,2020-02-21 04:17:52,42.8,93.45,27.91,41,24,3.74
169,Airai,TL,2020-02-21 04:21:46,-8.93,125.41,78.37,74,100,3.36
170,Port Hedland,AU,2020-02-21 04:21:46,-20.32,118.57,93.2,59,7,11.41
171,Anadyr,RU,2020-02-21 04:21:47,64.75,177.48,-13.0,75,0,8.95
172,Beloha,MG,2020-02-21 04:21:47,-25.17,45.05,73.62,75,0,7.27
173,Hofn,IS,2020-02-21 04:21:48,64.25,-15.21,38.03,62,67,16.26
174,Gamba,GA,2020-02-21 04:21:48,-2.65,10.0,78.35,86,98,1.97
175,Jamestown,US,2020-02-21 04:19:48,42.1,-79.24,21.99,66,90,11.41
176,Bacolod,PH,2020-02-21 04:19:52,10.67,122.95,84.0,56,24,9.24
177,Taiyuan,CN,2020-02-21 04:18:09,37.87,112.56,42.8,28,0,6.71
178,Berbera,SO,2020-02-21 04:21:50,10.44,45.01,77.18,79,99,2.84
179,Saint-Augustin,CA,2020-02-21 04:21:51,51.23,-58.65,-10.12,80,0,18.57
180,Beitbridge,ZW,2020-02-21 04:21:51,-22.22,30.0,78.78,56,71,4.65
181,Lorengau,PG,2020-02-21 04:21:52,-2.02,147.27,83.16,76,50,13.22
182,Karratha,AU,2020-02-21 04:21:52,-20.74,116.85,82.17,82,32,8.39
183,Bayan,CN,2020-02-21 04:21:53,46.08,127.4,21.99,94,100,13.33
184,Dingle,PH,2020-02-21 04:21:53,11.0,122.67,78.91,78,65,18.95
185,Nome,US,2020-02-21 04:19:43,64.5,-165.41,6.8,65,90,19.46
186,Ulkan,RU,2020-02-21 04:21:54,57.24,107.32,20.68,93,100,9.86
187,Namibe,AO,2020-02-21 04:21:55,-15.2,12.15,75.9,73,67,15.79
188,Mayumba,GA,2020-02-21 04:21:55,-3.43,10.66,82.96,80,93,11.39
189,Quang Ngai,VN,2020-02-21 04:21:56,15.12,108.8,74.52,77,80,14.92
190,Flinders,AU,2020-02-21 04:21:56,-34.58,150.86,78.01,68,90,11.41
191,Kerman,IR,2020-02-21 04:21:02,30.28,57.08,51.8,32,20,6.93
192,Baruun-Urt,MN,2020-02-21 04:21:57,46.68,113.28,8.56,92,100,10.18
193,Letka,RU,2020-02-21 04:21:57,59.6,49.42,27.72,97,92,3.56
194,Ous,RU,2020-02-21 04:21:06,60.91,61.52,26.31,91,99,4.76
195,Takoradi,GH,2020-02-21 04:21:58,4.88,-1.76,77.72,92,30,3.47
196,Fallon,US,2020-02-21 04:20:13,39.47,-118.78,37.99,40,75,5.82
197,Champerico,GT,2020-02-21 04:22:00,14.3,-91.92,77.77,71,43,1.81
198,Benguela,AO,2020-02-21 04:22:00,-12.58,13.41,78.53,85,99,0.6
199,Madimba,TZ,2020-02-21 04:22:01,-10.4,40.33,81.59,82,91,5.5
200,Nanakuli,US,2020-02-21 04:22:02,21.39,-158.15,78.8,77,90,9.17
201,Inongo,CD,2020-02-21 04:22:02,-1.95,18.27,76.35,73,95,2.26
202,Kathor,IN,2020-02-21 04:22:03,21.3,72.93,75.2,69,40,4.7
203,Yulara,AU,2020-02-21 04:22:04,-25.24,130.99,95.0,11,0,11.41
204,San Cristobal,VE,2020-02-21 04:22:04,7.77,-72.22,82.4,69,40,2.24
205,Korla,CN,2020-02-21 04:22:05,41.76,86.15,26.01,88,97,5.91
206,Sarnia,CA,2020-02-21 04:22:05,42.98,-82.4,21.0,72,1,7.99
207,Beohari,IN,2020-02-21 04:22:06,24.05,81.38,77.45,19,1,12.17
208,Ponta Do Sol,PT,2020-02-21 04:22:06,32.67,-17.1,55.4,76,40,9.17
209,Acapulco,MX,2020-02-21 04:19:47,16.86,-99.89,80.6,74,5,4.7
210,Baghdad,IQ,2020-02-21 04:22:07,33.34,44.4,44.6,93,0,1.12
211,Ribeira Grande,PT,2020-02-21 04:22:08,38.52,-28.7,52.48,73,100,7.99
212,Zboriste,BA,2020-02-21 04:22:08,45.15,16.02,28.4,79,0,2.24
213,Rio Grande,BR,2020-02-21 04:22:09,-32.03,-52.1,66.49,57,0,18.34
214,Machachi,EC,2020-02-21 04:22:09,-0.5,-78.57,59.0,87,40,1.43
215,Longkou,CN,2020-02-21 04:22:10,37.65,120.33,40.53,90,100,7.56
216,Kodiak,US,2020-02-21 04:22:10,57.79,-152.41,33.8,59,75,21.92
217,Djibo,BF,2020-02-21 04:22:11,14.1,-1.63,73.35,12,31,11.21
218,Saint-Pierre,RE,2020-02-21 04:22:11,-21.34,55.48,80.01,69,90,16.11
219,Vardo,NO,2020-02-21 04:22:13,70.37,31.11,23.0,85,75,12.75
220,Honningsvag,NO,2020-02-21 04:22:13,70.98,25.97,23.0,92,75,34.45
221,Araouane,ML,2020-02-21 04:22:14,18.9,-3.53,73.62,12,100,7.23
222,Abilene,US,2020-02-21 04:22:14,32.45,-99.73,35.6,64,1,8.05
223,Mokhsogollokh,RU,2020-02-21 04:22:15,61.47,128.92,4.03,89,100,3.04
224,Straseni,MD,2020-02-21 04:22:16,47.14,28.61,39.2,93,90,2.24
225,Paramonga,PE,2020-02-21 04:22:16,-10.67,-77.83,71.28,92,86,6.78
226,Buarcos,PT,2020-02-21 04:22:17,40.17,-8.88,53.01,93,20,3.36
227,Limni,GR,2020-02-21 04:22:17,38.77,23.32,46.99,93,75,14.99
228,Mahebourg,MU,2020-02-21 04:22:18,-20.41,57.7,82.4,61,20,11.41
229,Taoudenni,ML,2020-02-21 04:22:18,22.68,-3.98,66.61,17,0,6.76
230,Barranca,PE,2020-02-21 04:22:19,-10.75,-77.77,72.5,93,100,9.08
231,Yanam,IN,2020-02-21 04:22:19,16.73,82.22,84.2,62,20,13.87
232,Urdoma,RU,2020-02-21 04:19:05,61.75,48.54,13.08,97,75,3.69
233,Lebu,CL,2020-02-21 04:22:20,-37.62,-73.65,57.6,60,0,2.17
234,San Jeronimo,PE,2020-02-21 04:22:21,-11.95,-75.28,42.31,83,100,1.9
235,Mehamn,NO,2020-02-21 04:22:21,71.04,27.85,23.0,92,75,34.45
236,Magistralnyy,RU,2020-02-21 04:22:22,56.17,107.45,19.04,87,100,6.87
237,Port Keats,AU,2020-02-21 04:22:22,-14.25,129.55,88.93,63,99,9.48
238,Abbeville,FR,2020-02-21 04:22:23,50.1,1.83,39.0,93,34,11.41
239,Norman Wells,CA,2020-02-21 04:22:23,65.28,-126.83,21.2,92,75,9.17
240,Acoua,YT,2020-02-21 04:22:24,-12.72,45.06,82.4,88,96,3.36
241,La Rioja,ES,2020-02-21 04:18:13,42.25,-2.5,36.0,93,0,8.05
242,Nizhnevartovsk,RU,2020-02-21 04:22:25,60.93,76.55,32.0,96,90,8.95
243,Jabinyanah,TN,2020-02-21 04:22:25,35.03,10.91,48.2,81,0,5.82
244,Kahului,US,2020-02-21 04:18:57,20.89,-156.47,77.0,60,20,16.11
245,Marzuq,YE,2020-02-21 04:22:26,14.4,46.47,61.18,70,91,0.96
246,Mehran,IR,2020-02-21 04:22:27,33.12,46.16,37.4,100,90,4.7
247,Dunkwa,GH,2020-02-21 04:22:27,5.97,-1.78,77.0,92,90,2.42
248,Teguise,ES,2020-02-21 04:22:28,29.06,-13.56,60.8,82,0,5.82
249,Guerrero Negro,MX,2020-02-21 04:22:28,27.98,-114.06,66.45,52,72,8.55
250,Hohhot,CN,2020-02-21 04:22:29,40.81,111.65,32.0,52,40,15.66
251,Ayan,RU,2020-02-21 04:22:29,56.45,138.17,6.48,70,0,4.34
252,San Policarpo,PH,2020-02-21 04:22:30,12.18,125.51,77.76,84,66,23.22
253,Pacific Grove,US,2020-02-21 04:22:30,36.62,-121.92,57.99,71,1,3.36
254,Ylivieska,FI,2020-02-21 04:22:31,64.08,24.67,34.0,92,100,15.01
255,Saint-Georges,GD,2020-02-21 04:22:31,12.06,-61.75,78.8,74,20,11.41
256,Kajiado,KE,2020-02-21 04:22:32,-1.85,36.78,64.4,93,90,8.05
257,Kaohsiung,TW,2020-02-21 04:17:59,22.62,120.31,77.0,50,40,6.93
258,Portobelo,PA,2020-02-21 04:22:33,9.55,-79.65,78.8,83,20,2.24
259,Meulaboh,ID,2020-02-21 04:22:33,4.14,96.13,80.4,69,0,8.32
260,Altay,CN,2020-02-21 04:21:25,47.87,88.12,12.27,60,0,3.06
261,Khani,GE,2020-02-21 04:22:34,41.96,42.96,32.0,71,75,2.24
262,Yarke Pole,UA,2020-02-21 04:22:34,45.61,34.32,38.08,90,100,10.07
263,Padilla,CO,2020-02-21 04:22:35,3.22,-76.31,69.8,94,75,5.82
264,Khasan,RU,2020-02-21 04:22:35,42.43,130.64,32.32,77,100,3.15
265,Esperance,AU,2020-02-21 04:22:36,-33.87,121.9,77.0,38,0,12.75
266,Stokmarknes,NO,2020-02-21 04:20:38,68.56,14.91,35.01,91,100,10.0
267,Belaya Gora,RU,2020-02-21 04:22:37,68.53,146.42,-7.74,89,99,5.5
268,Homer,US,2020-02-21 04:22:37,59.64,-151.55,35.6,96,90,3.71
269,Vallenar,CL,2020-02-21 04:22:38,-28.57,-70.76,57.07,95,26,2.8
270,Lac Du Bonnet,CA,2020-02-21 04:22:38,50.25,-96.06,18.0,84,0,11.99
271,Deputatskiy,RU,2020-02-21 04:21:25,69.3,139.9,-3.69,93,99,2.71
272,Kailua,US,2020-02-21 04:22:39,21.4,-157.74,78.8,77,90,9.17
273,Lewistown,US,2020-02-21 04:22:39,40.6,-77.57,28.0,49,1,8.05
274,Narsaq,GL,2020-02-21 04:22:40,60.92,-46.05,30.2,28,100,12.75
275,Ilhabela,BR,2020-02-21 04:19:48,-23.78,-45.36,80.49,85,98,1.7
276,Salinas,US,2020-02-21 04:20:04,36.68,-121.66,57.99,54,1,4.7
277,Coihaique,CL,2020-02-21 04:22:41,-45.58,-72.07,46.4,81,0,2.24
278,Port Hardy,CA,2020-02-21 04:22:42,50.7,-127.42,33.8,80,20,4.25
279,Sitka,US,2020-02-21 04:20:46,57.05,-135.33,42.8,81,90,11.41
280,Santa Cruz,BO,2020-02-21 04:22:43,-17.8,-63.17,77.0,88,75,13.87
281,Yatou,CN,2020-02-21 04:22:40,37.15,122.38,52.0,52,100,13.31
282,Hammerfest,NO,2020-02-21 04:22:44,70.66,23.68,26.6,86,75,33.33
283,Kurya,RU,2020-02-21 04:22:44,51.6,82.29,22.57,77,100,7.58
284,Jumla,NP,2020-02-21 04:22:45,29.27,82.18,36.9,49,100,3.2
285,Avera,US,2020-02-21 04:22:45,33.19,-82.53,41.0,80,90,9.17
286,Riyadh,SA,2020-02-21 04:22:46,24.69,46.72,51.8,57,0,2.24
287,Fare,PF,2020-02-21 04:22:46,-16.7,-151.02,82.98,77,26,17.38
288,Ha Tinh,VN,2020-02-21 04:22:47,18.33,105.9,71.04,82,46,2.28
289,Mogadishu,SO,2020-02-21 04:22:47,2.04,45.34,81.34,81,75,17.38
290,Nikolskoye,RU,2020-02-21 04:22:48,59.7,30.79,34.0,91,75,4.47
291,Tuatapere,NZ,2020-02-21 04:22:48,-46.13,167.68,60.01,78,100,24.0
292,Moen,NO,2020-02-21 04:22:49,69.13,18.61,30.2,92,100,19.46
293,Dogondoutchi,NE,2020-02-21 04:22:49,13.64,4.03,68.67,17,0,10.2
294,Lasa,IT,2020-02-21 04:22:50,46.62,10.7,32.0,73,5,6.93
295,San Carlos De Bariloche,AR,2020-02-21 04:20:50,-41.15,-71.31,55.4,17,0,12.75
296,Khvorostyanka,RU,2020-02-21 04:21:04,52.61,48.96,25.47,94,100,4.0
297,Talnakh,RU,2020-02-21 04:22:51,69.49,88.4,14.0,85,95,6.71
298,Zhangjiakou,CN,2020-02-21 04:22:52,40.81,114.88,23.67,40,69,16.6
299,Husavik,IS,2020-02-21 04:22:52,66.04,-17.34,32.0,97,90,6.93
300,Collie,AU,2020-02-21 04:22:53,-33.37,116.15,93.0,14,100,6.04
301,Sao Joao Da Ponte,BR,2020-02-21 04:22:53,-15.93,-44.01,67.8,88,88,0.58
302,Chuy,UY,2020-02-21 04:22:54,-33.7,-53.46,59.13,63,0,10.36
303,Qandala,SO,2020-02-21 04:22:54,11.47,49.87,72.46,83,83,1.12
304,Maarianhamina,AX,2020-02-21 04:22:54,60.1,19.93,39.2,93,90,27.51
305,Igualada,ES,2020-02-21 04:22:55,41.58,1.62,52.0,93,0,1.12
306,Muyezerskiy,RU,2020-02-21 04:20:05,63.93,31.65,22.8,90,100,13.69
307,Laguna,US,2020-02-21 04:22:56,38.42,-121.42,59.0,47,1,4.7
308,Aykhal,RU,2020-02-21 04:22:57,66.0,111.5,3.2,84,69,6.71
309,Draganesti-Vlasca,RO,2020-02-21 04:22:57,44.1,25.6,39.0,92,77,2.24
310,Hambantota,LK,2020-02-21 04:22:58,6.12,81.12,84.2,89,40,14.99
311,Ouallam,NE,2020-02-21 04:22:58,14.32,2.09,69.42,14,0,9.6
312,Bonthe,SL,2020-02-21 04:22:59,7.53,-12.51,78.15,87,18,3.89
313,Samarai,PG,2020-02-21 04:22:59,-10.62,150.67,85.03,76,98,1.77
314,Port Blair,IN,2020-02-21 04:21:57,11.67,92.75,86.0,70,20,11.41
315,Kundiawa,PG,2020-02-21 04:23:00,-6.02,144.97,70.38,78,86,1.66
316,Springbok,ZA,2020-02-21 04:23:01,-29.66,17.89,66.13,55,20,2.64
317,Wagar,SD,2020-02-21 04:23:01,16.15,36.2,58.98,81,41,9.66
318,Kununurra,AU,2020-02-21 04:23:02,-15.77,128.73,96.8,44,40,6.93
319,Nyaunglebin,MM,2020-02-21 04:23:02,17.95,96.73,86.9,23,17,3.49
320,Bilibino,RU,2020-02-21 04:23:02,68.05,166.44,-19.46,95,100,1.54
321,Sumter,US,2020-02-21 04:23:03,28.71,-82.08,72.0,100,90,6.78
322,Tornio,FI,2020-02-21 04:23:03,65.85,24.13,30.2,92,90,17.22
323,Burlington,US,2020-02-21 04:23:04,39.88,-74.64,32.0,42,1,12.75
324,Kavaratti,IN,2020-02-21 04:23:04,10.57,72.64,82.4,78,20,4.7
325,Faya,SA,2020-02-21 04:23:05,18.39,42.45,55.4,87,0,3.02
326,Mackenzie,CA,2020-02-21 04:21:08,55.3,-123.17,33.8,55,90,10.29
327,Ngunguru,NZ,2020-02-21 04:23:06,-35.62,174.5,75.99,72,100,8.99
328,Zyryanka,RU,2020-02-21 04:21:29,65.75,150.85,-11.96,88,0,11.16
329,Timbiqui,CO,2020-02-21 04:23:07,2.77,-77.67,75.42,96,99,7.81
330,Stromness,GB,2020-02-21 04:23:07,58.97,-3.3,41.0,80,99,26.4
331,Nacala,MZ,2020-02-21 04:23:08,-14.54,40.67,74.39,96,76,3.09
332,Rawson,AR,2020-02-21 04:23:08,-43.3,-65.1,57.13,68,0,18.95
333,Sembakung,ID,2020-02-21 04:23:08,3.82,117.25,85.48,59,59,6.4
334,Leningradskiy,RU,2020-02-21 04:23:09,69.38,178.42,-6.59,92,100,21.9
335,Arraial Do Cabo,BR,2020-02-21 04:23:09,-22.97,-42.03,77.11,91,0,19.62
336,Hamina,FI,2020-02-21 04:23:10,60.57,27.2,34.0,86,90,14.99
337,Half Moon Bay,US,2020-02-21 04:19:15,37.46,-122.43,59.0,66,75,8.05
338,Margate,GB,2020-02-21 04:23:11,51.38,1.39,41.0,80,55,14.99
339,Mount Gambier,AU,2020-02-21 04:23:11,-37.83,140.77,69.8,49,75,16.11
340,Gospic,HR,2020-02-21 04:23:12,44.55,15.37,28.4,79,0,8.05
341,Zhanakorgan,KZ,2020-02-21 04:23:12,43.91,67.25,35.47,43,100,3.94
342,Ambilobe,MG,2020-02-21 04:23:13,-13.2,49.05,73.2,91,100,5.46
343,Yekaterinoslavka,RU,2020-02-21 04:23:13,50.37,129.11,2.86,84,0,3.98
344,Port Lincoln,AU,2020-02-21 04:23:14,-34.73,135.87,64.38,63,99,13.65
345,Neiafu,TO,2020-02-21 04:23:14,-18.65,-173.98,82.4,74,20,9.17
346,Antofagasta,CL,2020-02-21 04:23:14,-23.65,-70.4,66.2,88,20,3.36
347,Veraval,IN,2020-02-21 04:23:15,20.9,70.37,68.92,75,91,8.61
348,San Andres,CO,2020-02-21 04:20:55,12.58,-81.7,80.6,78,40,12.75
349,San Patricio,MX,2020-02-21 04:23:16,19.22,-104.7,76.87,80,0,6.15
350,Bairiki,KI,2020-02-21 04:23:16,1.33,172.98,87.8,74,75,6.93
351,Suntar,RU,2020-02-21 04:23:17,62.14,117.63,14.38,91,83,5.46
352,Alta Floresta,BR,2020-02-21 04:23:17,-9.88,-56.09,71.64,97,100,2.3
353,Iqaluit,CA,2020-02-21 04:20:50,63.75,-68.51,-34.01,59,20,12.75
354,Cabo San Lucas,MX,2020-02-21 04:23:18,22.89,-109.91,71.6,56,5,4.7
355,Chapais,CA,2020-02-21 04:23:19,49.78,-74.85,-4.0,76,1,9.17
356,Sao Filipe,CV,2020-02-21 04:23:19,14.9,-24.5,69.75,77,0,15.48
357,Zimmi,SL,2020-02-21 04:23:20,7.32,-11.31,74.3,95,18,0.56
358,Santo Tomas,PH,2020-02-21 04:23:20,14.11,121.14,89.6,46,40,20.8
359,Mezen,RU,2020-02-21 04:23:21,65.85,44.24,8.71,90,65,10.51
360,Vao,NC,2020-02-21 04:23:22,-22.67,167.48,80.51,68,53,7.47
361,Bana,CM,2020-02-21 04:23:22,5.15,10.28,69.15,63,98,3.38
362,Lalmohan,BD,2020-02-21 04:23:22,22.34,90.74,75.33,41,91,5.55
363,Saldanha,ZA,2020-02-21 04:23:23,-33.01,17.94,60.8,87,0,5.82
364,Aklavik,CA,2020-02-21 04:23:23,68.22,-135.01,3.2,91,90,5.82
365,Kaitangata,NZ,2020-02-21 04:23:24,-46.28,169.85,64.99,61,78,15.01
366,Rio Tuba,PH,2020-02-21 04:23:24,8.51,117.43,81.52,70,12,24.85
367,Bucerias,MX,2020-02-21 04:23:25,20.75,-105.33,75.2,88,75,4.72
368,Fully,CH,2020-02-21 04:23:25,46.14,7.11,46.0,95,20,2.24
369,Kalemie,CD,2020-02-21 04:23:26,-5.95,29.19,64.6,92,69,1.07
370,Newark,US,2020-02-21 04:23:26,40.74,-74.17,30.0,39,1,19.17
371,Hornepayne,CA,2020-02-21 04:23:27,49.21,-84.77,16.36,81,75,13.58
372,Atar,MR,2020-02-21 04:23:27,20.52,-13.05,69.84,13,0,10.71
373,Ust-Ordynskiy,RU,2020-02-21 04:23:28,52.8,104.75,12.2,85,74,2.24
374,Sao Joao Da Barra,BR,2020-02-21 04:23:28,-21.64,-41.05,77.27,89,10,14.97
375,Adrar,MR,2020-02-21 04:22:11,20.5,-10.07,68.68,13,0,12.44
376,Los Llanos De Aridane,ES,2020-02-21 04:23:29,28.66,-17.92,62.6,51,7,5.82
377,Hannibal,US,2020-02-21 04:23:29,39.71,-91.36,21.2,57,1,5.39
378,Touros,BR,2020-02-21 04:23:30,-5.2,-35.46,75.2,94,40,3.36
379,Prince Rupert,CA,2020-02-21 04:19:35,54.32,-130.32,41.0,80,90,26.4
380,Chumikan,RU,2020-02-21 04:23:31,54.72,135.31,11.1,69,0,15.1
381,Ajaccio,FR,2020-02-21 04:23:31,42.0,8.92,51.8,81,0,4.7
382,Wigtown,GB,2020-02-21 04:23:32,54.87,-4.44,44.01,77,100,11.99
383,Obo,CF,2020-02-21 04:23:33,5.4,26.49,70.05,26,88,6.6
384,Trindade,BR,2020-02-21 04:23:33,-16.65,-49.49,71.6,100,75,3.51
385,Majene,ID,2020-02-21 04:23:34,-3.54,118.97,87.06,60,55,4.16
386,Kachiry,KZ,2020-02-21 04:23:34,53.07,76.1,11.64,87,100,8.59
387,Okhotsk,RU,2020-02-21 04:23:35,59.38,143.3,-5.91,75,0,8.19
388,Roros,NO,2020-02-21 04:23:35,62.57,11.38,21.2,100,100,3.36
389,Hare Bay,CA,2020-02-21 04:23:36,48.85,-54.01,1.4,77,75,14.99
390,Rorvik,NO,2020-02-21 04:23:36,64.86,11.24,42.19,70,100,28.86
391,Kaka,TM,2020-02-21 04:23:37,37.35,59.61,45.23,77,86,12.15
392,Turochak,RU,2020-02-21 04:23:37,52.26,87.12,23.99,86,100,3.31
393,Uige,AO,2020-02-21 04:23:38,-7.61,15.06,67.23,93,86,2.51
394,Hualmay,PE,2020-02-21 04:23:38,-11.1,-77.61,72.52,80,100,4.07
395,Yeniseysk,RU,2020-02-21 04:23:39,58.45,92.17,24.44,94,100,7.7
396,Fiumicino,IT,2020-02-21 04:23:39,41.77,12.23,45.0,74,0,3.36
397,Cayenne,GF,2020-02-21 04:23:40,4.93,-52.33,77.0,78,20,3.36
398,Khatima,IN,2020-02-21 04:23:41,28.92,79.97,60.19,77,100,15.19
399,Labytnangi,RU,2020-02-21 04:23:41,66.66,66.42,10.85,83,93,9.17
400,Geraldton,AU,2020-02-21 04:23:41,-28.77,114.6,78.8,69,75,8.05
401,Kuandian,CN,2020-02-21 04:23:42,40.73,124.78,37.31,80,100,10.65
402,Banes,CU,2020-02-21 04:23:42,20.96,-75.72,75.2,88,5,6.93
403,Erzin,TR,2020-02-21 04:23:43,36.96,36.2,55.99,100,75,6.93
404,Lingao,CN,2020-02-21 04:23:43,19.91,109.69,69.78,78,1,18.14
405,Letpadan,MM,2020-02-21 04:23:44,17.78,95.75,91.26,19,0,1.48
406,Richards Bay,ZA,2020-02-21 04:22:07,-28.78,32.04,79.18,85,0,24.2
407,Jitra,MY,2020-02-21 04:23:45,6.27,100.42,89.6,62,20,12.75
408,Paka,MY,2020-02-21 04:23:46,4.64,103.44,84.2,74,40,12.75
409,Dauphin,CA,2020-02-21 04:23:46,51.15,-100.05,28.4,58,1,21.92
410,Smithers,CA,2020-02-21 04:18:57,54.78,-127.17,33.8,55,75,8.05
411,Skoghall,SE,2020-02-21 04:23:47,59.32,13.47,37.0,93,100,11.41
412,Aranos,NA,2020-02-21 04:23:48,-24.13,19.12,74.95,70,100,8.32
413,Bom Jardim,BR,2020-02-21 04:23:48,-7.8,-35.59,71.6,94,40,4.7
414,Lakhdenpokhya,RU,2020-02-21 04:20:06,61.52,30.2,33.01,92,100,8.68
415,Villa Carlos Paz,AR,2020-02-21 04:23:49,-31.42,-64.5,62.6,63,57,2.24
416,Wajid,SO,2020-02-21 04:23:50,3.81,43.25,73.26,76,57,15.59
417,Lang Son,VN,2020-02-21 04:23:51,21.83,106.73,66.18,82,100,0.51
418,Puri,IN,2020-02-21 04:23:51,19.8,85.85,78.8,61,0,1.12
419,Makakilo City,US,2020-02-21 04:20:46,21.35,-158.09,78.8,77,90,9.17
420,Marawi,PH,2020-02-21 04:23:52,8.0,124.29,82.99,72,40,8.99
421,Laguna De Duero,ES,2020-02-21 04:23:53,41.58,-4.72,39.99,93,0,9.17
422,Constitucion,CL,2020-02-21 04:23:53,-35.33,-72.42,55.4,59,0,6.67
423,Krasnaya Gora,RU,2020-02-21 04:23:54,53.0,31.6,30.2,92,21,6.71
424,Hurghada,EG,2020-02-21 04:23:54,27.26,33.81,57.2,41,0,4.7
425,Todos Santos,MX,2020-02-21 04:20:06,23.45,-110.22,71.6,46,5,6.93
426,Longonjo,AO,2020-02-21 04:23:55,-12.91,15.25,57.83,94,96,0.78
427,Koslan,RU,2020-02-21 04:23:56,63.46,48.9,2.35,93,0,2.33
428,Patnagarh,IN,2020-02-21 04:23:56,20.72,83.15,72.95,62,0,5.82
429,Trelew,AR,2020-02-21 04:23:57,-43.25,-65.31,49.77,67,0,8.16
430,Bulatukan,PH,2020-02-21 04:23:57,6.9,125.16,84.2,66,75,12.75
431,Dakar,SN,2020-02-21 04:23:58,14.69,-17.44,71.6,94,70,18.34
432,Ramanuj Ganj,IN,2020-02-21 04:23:58,23.8,83.7,73.13,25,0,4.36
433,Vavoua,CI,2020-02-21 04:23:59,7.38,-6.48,75.83,85,0,7.11
434,Mahanoro,MG,2020-02-21 04:24:00,-19.9,48.8,78.21,85,100,9.71
435,Vila Franca Do Campo,PT,2020-02-21 04:24:00,37.72,-25.43,50.0,76,75,5.82
436,Danville,US,2020-02-21 04:24:01,36.59,-79.39,34.0,94,75,3.36
437,Solbjerg,DK,2020-02-21 04:24:01,56.04,10.09,39.2,86,59,19.46
438,Balclutha,NZ,2020-02-21 04:24:02,-46.23,169.75,64.99,61,31,15.01
439,Arlit,NE,2020-02-21 04:24:02,18.74,7.39,64.29,22,33,8.59
440,Sorland,NO,2020-02-21 04:24:03,67.67,12.69,35.6,93,40,9.17
441,Tarumovka,RU,2020-02-21 04:24:03,44.08,46.54,37.76,87,100,6.53
442,Paamiut,GL,2020-02-21 04:24:03,61.99,-49.67,14.23,58,95,4.29
443,Kalmunai,LK,2020-02-21 04:24:04,7.42,81.82,81.41,81,28,15.79
444,Naze,JP,2020-02-21 04:24:05,28.37,129.48,69.8,52,20,9.17
445,Boende,CD,2020-02-21 04:24:05,-0.22,20.87,73.18,88,91,3.02
446,Lodeynoye Pole,RU,2020-02-21 04:24:06,60.73,33.55,30.29,96,85,6.78
447,Montepuez,MZ,2020-02-21 04:24:06,-13.13,39.0,70.32,98,24,2.26
448,Inhambane,MZ,2020-02-21 04:24:07,-23.86,35.38,77.0,88,20,2.42
449,Bam,IR,2020-02-21 04:24:07,29.11,58.36,60.78,32,0,7.02
450,Redmond,US,2020-02-21 04:19:39,47.67,-122.12,46.0,52,1,4.43
451,Baley,RU,2020-02-21 04:21:12,51.6,116.63,10.22,86,100,2.91
452,Gobardanga,IN,2020-02-21 04:24:09,22.87,88.76,75.2,78,98,4.18
453,Viedma,AR,2020-02-21 04:21:02,-40.81,-63.0,55.44,66,9,16.84
454,Santa Maria,BR,2020-02-21 04:24:10,-29.68,-53.81,66.2,59,0,3.36
455,Yazykovo,RU,2020-02-21 04:24:11,55.22,56.14,26.49,94,96,4.81
456,Lompoc,US,2020-02-21 04:24:12,34.64,-120.46,57.0,87,1,5.82
457,Gemena,CD,2020-02-21 04:24:12,3.25,19.77,74.8,67,75,2.21
458,Razgrad,BG,2020-02-21 04:24:13,43.53,26.52,38.21,94,99,7.78
459,Westport,US,2020-02-21 04:23:58,41.14,-73.36,28.99,38,1,13.87
460,Helena,US,2020-02-21 04:19:16,46.59,-112.04,26.6,49,1,5.32
461,Karakol,KG,2020-02-21 04:24:14,42.49,78.39,24.31,45,45,0.85
462,Aksarka,RU,2020-02-21 04:24:15,66.56,67.8,13.15,87,58,11.61
463,Alekseyevka,RU,2020-02-21 04:21:05,50.63,38.69,30.38,89,100,4.59
464,Launceston,AU,2020-02-21 04:24:16,-41.45,147.17,66.99,39,40,10.29
465,Mitu,CO,2020-02-21 04:24:17,1.2,-70.17,73.22,97,98,1.92
466,Piacabucu,BR,2020-02-21 04:24:17,-10.41,-36.43,78.71,87,100,6.85
467,Culpeper,US,2020-02-21 04:24:18,38.5,-77.97,35.6,73,90,13.87
468,Penzance,GB,2020-02-21 04:24:18,50.12,-5.54,48.0,75,100,16.11
469,Varnamo,SE,2020-02-21 04:24:18,57.19,14.04,37.4,100,100,10.29
470,La Reforma,MX,2020-02-21 04:24:19,25.08,-108.05,69.8,73,5,10.07
471,Stepnyak,KZ,2020-02-21 04:24:19,52.83,70.78,13.35,86,100,8.01
472,Zhigansk,RU,2020-02-21 04:24:20,66.77,123.37,-6.93,96,100,22.48
473,Fort Frances,CA,2020-02-21 04:24:20,48.6,-93.4,17.6,61,1,10.29
474,Kamaishi,JP,2020-02-21 04:24:21,39.27,141.88,48.2,57,75,10.29
475,Ilovlya,RU,2020-02-21 04:24:22,49.3,43.98,30.2,92,40,8.95
476,Lagoa,PT,2020-02-21 04:24:22,39.05,-27.98,57.36,65,38,9.51
477,Ararat,AM,2020-02-21 04:24:23,39.83,44.7,37.4,86,75,1.7
478,Plettenberg Bay,ZA,2020-02-21 04:24:23,-34.05,23.37,64.65,89,34,1.36
479,Nangomba,TZ,2020-02-21 04:24:24,-10.9,38.5,72.68,99,100,2.86
480,Clifton,US,2020-02-21 04:24:24,40.86,-74.16,30.0,39,1,9.26
481,Kihei,US,2020-02-21 04:24:24,20.79,-156.47,73.4,64,20,23.04
482,Letlhakeng,BW,2020-02-21 04:24:25,-24.09,25.03,74.03,57,76,4.34
483,Jawa,JO,2020-02-21 04:24:25,31.85,35.94,42.8,93,20,4.63
484,Andenes,NO,2020-02-21 04:24:26,69.31,16.12,34.0,97,100,14.99
485,Pijijiapan,MX,2020-02-21 04:24:26,15.7,-93.23,75.11,73,0,2.35
486,Cristalina,BR,2020-02-21 04:24:27,-16.77,-47.61,67.06,93,100,4.36
487,Saint-Francois,FR,2020-02-21 04:24:28,46.42,3.91,43.0,75,45,6.93
488,Yerbogachen,RU,2020-02-21 04:24:28,61.28,108.01,19.47,93,100,10.51
489,Ahipara,NZ,2020-02-21 04:24:29,-35.17,173.17,81.0,74,100,1.01
490,Berlevag,NO,2020-02-21 04:24:29,70.86,29.09,23.0,92,75,34.45
491,Nouadhibou,MR,2020-02-21 04:24:30,20.93,-17.03,64.4,68,0,20.8
492,Caconda,AO,2020-02-21 04:24:30,-13.73,15.07,58.89,94,13,1.77
493,Puerto Maldonado,PE,2020-02-21 04:24:31,-12.6,-69.18,76.23,93,100,1.34
494,Jaragua Do Sul,BR,2020-02-21 04:24:32,-26.49,-49.07,78.8,69,100,8.05
495,Utiel,ES,2020-02-21 04:24:32,39.57,-1.2,46.99,93,0,4.7
496,Merauke,ID,2020-02-21 04:24:33,-8.47,140.33,85.48,76,85,11.27
497,Praia,CV,2020-02-21 04:24:33,14.92,-23.51,69.8,73,0,16.11
498,Bandarbeyla,SO,2020-02-21 04:24:34,9.49,50.81,77.23,75,35,11.05
499,New Richmond,US,2020-02-21 04:19:45,45.12,-92.54,10.99,71,1,8.05
500,Pervoye Maya,RU,2020-02-21 04:24:35,56.16,44.72,34.0,97,75,6.71
501,George Town,MY,2020-02-21 04:20:29,5.41,100.34,89.6,49,20,17.22
502,Nianzishan,CN,2020-02-21 04:24:36,47.52,122.88,14.86,93,100,8.25
503,Teplodar,UA,2020-02-21 04:24:36,46.51,30.33,33.8,78,20,6.71
504,Morondava,MG,2020-02-21 04:24:37,-20.28,44.28,75.6,95,97,5.84
505,Kupino,RU,2020-02-21 04:24:38,54.37,77.3,14.9,94,100,10.09
506,Buckeye,US,2020-02-21 04:23:55,33.37,-112.58,71.01,34,90,8.05
507,Claveria,PH,2020-02-21 04:24:39,18.61,121.08,66.36,91,100,10.07
508,Sayat,TM,2020-02-21 04:24:39,38.78,63.88,53.6,50,75,9.17
509,Salisbury,GB,2020-02-21 04:24:40,51.07,-1.8,43.0,86,33,12.75
510,Aktash,RU,2020-02-21 04:24:40,50.3,87.73,7.29,78,61,7.2
511,Krasnozatonskiy,RU,2020-02-21 04:24:41,61.68,50.98,28.4,92,75,6.71
512,Imbituba,BR,2020-02-21 04:22:33,-28.24,-48.67,77.0,78,75,8.05
513,Kuching,MY,2020-02-21 04:21:24,1.55,110.33,86.0,74,40,12.75
514,Singaparna,ID,2020-02-21 04:24:42,-7.35,108.11,86.47,57,47,1.88
515,Pisco,PE,2020-02-21 04:24:43,-13.7,-76.22,73.4,83,100,9.17
516,Andros Town,BS,2020-02-21 04:24:43,24.7,-77.77,73.99,88,20,4.7
517,Port Hueneme,US,2020-02-21 04:24:44,34.15,-119.2,61.0,62,1,3.36
518,Nemuro,JP,2020-02-21 04:24:44,43.32,145.57,30.2,54,75,9.17
519,Hun,LY,2020-02-21 04:24:45,29.13,15.95,49.48,85,0,5.97
520,Sydney,AU,2020-02-21 04:23:04,-33.87,151.21,80.01,57,75,13.87
521,Santa Isabel,BR,2020-02-21 04:24:46,-23.32,-46.22,73.4,100,100,1.83
522,Balabac,PH,2020-02-21 04:24:46,7.99,117.06,82.8,68,36,21.85
523,Rocha,UY,2020-02-21 04:22:26,-34.48,-54.33,57.29,79,67,7.56
524,Litovko,RU,2020-02-21 04:24:47,49.24,135.17,7.27,83,47,5.26
525,Grand-Santi,GF,2020-02-21 04:24:47,4.25,-54.38,71.38,82,56,3.38
526,Mecca,SA,2020-02-21 04:24:48,21.43,39.83,59.05,43,0,1.61
527,Nagato,JP,2020-02-21 04:24:48,34.38,131.2,57.2,54,37,9.17
528,Buala,SB,2020-02-21 04:24:49,-8.14,159.59,86.95,67,100,10.18
529,Moralillo,MX,2020-02-21 04:24:50,22.22,-97.9,62.6,77,75,23.04
530,Plouzane,FR,2020-02-21 04:24:51,48.38,-4.62,43.0,87,90,6.93
531,Banda Aceh,ID,2020-02-21 04:24:51,5.56,95.32,82.49,66,43,9.82
532,Lakselv,NO,2020-02-21 04:24:52,70.05,24.97,28.4,85,100,62.19
533,Nizhniy Tsasuchey,RU,2020-02-21 04:24:52,50.52,115.13,15.06,64,100,10.25
534,Anloga,GH,2020-02-21 04:24:53,5.79,0.9,82.4,88,20,2.24
535,Bontang,ID,2020-02-21 04:20:20,0.13,117.5,83.03,72,42,15.77
536,Vila Velha,BR,2020-02-21 04:24:54,-20.33,-40.29,80.6,78,20,6.93
537,Mareeba,AU,2020-02-21 04:24:54,-17.0,145.43,82.4,83,90,9.17
538,Kefamenanu,ID,2020-02-21 04:24:55,-9.45,124.48,84.74,65,37,3.15
539,Ust-Kut,RU,2020-02-21 04:24:55,56.79,105.77,19.67,91,100,10.38
540,Beruwala,LK,2020-02-21 04:24:55,6.48,79.98,80.83,75,0,2.82
541,Mayen,DE,2020-02-21 04:24:56,50.33,7.22,39.2,86,75,12.75
542,Zaraza,VE,2020-02-21 04:24:57,9.35,-65.32,75.58,76,100,11.03
543,Bustuchin,RO,2020-02-21 04:24:57,44.97,23.73,37.13,82,88,1.54
544,Lazaro Cardenas,MX,2020-02-21 04:24:58,17.96,-102.2,73.65,82,0,3.38
545,Kolokani,ML,2020-02-21 04:24:58,13.57,-8.03,72.55,15,0,3.58
546,Katsuura,JP,2020-02-21 04:24:59,35.13,140.3,57.0,57,20,4.7
547,Salmas,IR,2020-02-21 04:23:01,38.2,44.77,32.0,81,90,4.7
548,Salamiyah,SY,2020-02-21 04:25:00,35.01,37.05,46.44,89,100,9.62
549,Siuna,NI,2020-02-21 04:25:00,13.73,-84.78,69.71,88,80,2.1
550,Nioro,GM,2020-02-21 04:25:01,13.35,-15.75,74.25,15,79,4.85
551,Port Macquarie,AU,2020-02-21 04:24:14,-31.43,152.92,78.01,57,40,13.87
552,Braganca Paulista,BR,2020-02-21 04:25:01,-22.94,-46.56,71.6,100,100,4.45
553,Sergeyevka,KZ,2020-02-21 04:25:02,53.88,67.42,16.59,95,100,6.62
554,Dudinka,RU,2020-02-21 04:25:02,69.41,86.18,14.0,85,85,6.71
555,Vilyuysk,RU,2020-02-21 04:25:03,63.76,121.62,10.76,94,100,3.58
